Category,Task,Status,Priority,Notes
Infrastructure,Setup Turborepo monorepo,DONE,P0,pnpm workspaces configured
Infrastructure,Create shared TypeScript config,DONE,P0,packages/config/tsconfig
Infrastructure,Create shared ESLint config,DONE,P0,packages/config/eslint
Infrastructure,Create shared Prettier config,DONE,P0,packages/config/prettier
Infrastructure,Setup Claude Agent SDK package,DONE,P0,packages/ai with agent definitions
Infrastructure,Create Prisma database schema,DONE,P0,packages/db with full schema + analytics models
Infrastructure,Create tRPC API package,DONE,P0,packages/api with routers
Infrastructure,Create Storage package,DONE,P0,S3 + Git + Template Manager
Infrastructure,Create shared UI component library,DONE,P1,packages/ui with components
Infrastructure,Create QA/Testing package,DONE,P0,packages/testing with validators
Templates,Create base React Native template,DONE,P0,Expo SDK 51 + NativeWind
Templates,Customize ecommerce template,DONE,P0,Products/cart/checkout screens
Templates,Customize loyalty template,DONE,P0,Points/rewards/tiers screens
Templates,Customize news template,DONE,P0,Articles/categories/bookmarks
Templates,Customize ai-assistant template,DONE,P0,Chat/history/settings screens
Templates,Initialize git bare repos for templates,DONE,P0,templates-bare directory
Generator Service,Create orchestrator pipeline,DONE,P0,9-phase agent pipeline
Generator Service,Implement template context extraction,DONE,P0,Agents know what templates provide
Generator Service,Create Socket.IO API server,DONE,P0,Real-time progress updates
Generator Service,Create QA hooks for implementation,DONE,P1,Pre-write validation
Generator Service,Implement session management,DONE,P1,Resume/flag for review
Web Dashboard,Create landing page,DONE,P1,apps/web homepage
Web Dashboard,Create dashboard page,DONE,P0,Project list with stats + tRPC
Web Dashboard,Create project creation wizard,DONE,P0,4-step wizard flow + persistence
Web Dashboard,Create project detail page,DONE,P0,Generation progress UI
Web Dashboard,Create useGenerator hook,DONE,P0,Socket.IO real-time connection
Web Dashboard,Create generation API route,DONE,P0,Next.js API proxy
Web Dashboard,Add simulation mode fallback,DONE,P1,Dev mode when generator offline
Web Dashboard,Implement authentication,DONE,P0,NextAuth.js with credentials + OAuth
Web Dashboard,Connect dashboard to database,DONE,P0,tRPC client setup
Web Dashboard,Implement project persistence,DONE,P0,Projects saved to PostgreSQL
Web Dashboard,Add user settings page,DONE,P2,Profile + notifications + API keys + usage
DevOps,Create Docker compose setup,DONE,P1,PostgreSQL + Redis + MinIO + services
DevOps,Create Dockerfiles for services,DONE,P1,web + generator Dockerfiles
DevOps,Create Terraform AWS infrastructure,DONE,P1,VPC + ECS + RDS + ElastiCache + ALB + S3
DevOps,Create Kubernetes manifests,DONE,P2,Kustomize base + staging + production overlays
DevOps,Setup CI/CD pipeline,DONE,P1,GitHub Actions workflows
DevOps,Configure environment secrets,DONE,P1,.env.example files
DevOps,Add Dependabot config,DONE,P2,Automated dependency updates
Builder Service,Create EAS build integration,DONE,P0,EAS client + build service
Builder Service,Implement build queue,DONE,P1,BullMQ job processing
Builder Service,Add build status webhooks,DONE,P1,EAS webhook handler
Builder Service,Create artifact storage,DONE,P1,S3 upload for APK/IPA
Tester Service,Create device testing pipeline,DONE,P1,WebdriverIO + Appium integration
Tester Service,Implement screenshot capture,DONE,P2,Visual regression with pixelmatch
Analytics Service,Create usage tracking,DONE,P2,Event + API usage tracking
Analytics Service,Implement cost monitoring,DONE,P2,Token pricing + projections
Documentation,Create README,DONE,P1,Setup instructions + architecture
Documentation,Create API documentation,DONE,P2,Full REST + tRPC API reference
Documentation,Create architecture diagram,DONE,P2,System + data flow diagrams
